url,name,gender,age_group,gender_confidence,age_confidence,status
https://assets.some app.com/raykatanna.jpg,raykatanna,Male,(38-43),58.4,43.2,Success
https://assets.some app.com/rayjuannn.jpg,rayjuannn,Male,(25-32),97.8,50.5,Success
https://assets.some app.com/rayjackoofficial.jpg,rayjackoofficial,Male,(25-32),97.2,63.1,Success
https://assets.some app.com/rayewitha.e.jpg,rayewitha.e,Male,(25-32),92.8,42.4,Success
https://assets.some app.com/rayleonofficial.jpg,rayleonofficial,Male,(38-43),80.1,28.1,Success
https://assets.some app.com/raymarie1_.jpg,raymarie1_,Female,(25-32),98.9,75.8,Success
https://assets.some app.com/raylynev93.jpg,raylynev93,Female,(25-32),98.5,64.9,Success
https://assets.some app.com/rayleonardjr.jpg,rayleonardjr,Male,(38-43),94.7,38.9,Success
https://assets.some app.com/raymarquez_.jpg,raymarquez_,Male,(25-32),98.8,49.1,Success
https://assets.some app.com/raymerpena.jpg,raymerpena,Male,(38-43),73.4,43.6,Success
https://assets.some app.com/raymond_agaba1.jpg,raymond_agaba1,Male,(38-43),98.5,50.0,Success
https://assets.some app.com/raymcbey.jpg,raymcbey,Male,(25-32),89.1,35.5,Success
https://assets.some app.com/raymond_ceballos_fitness.jpg,raymond_ceballos_fitness,Unknown,Unknown,0.0,0.0,No person detected (YOLO conf 0.0%)
https://assets.some app.com/raymondcroft.jpg,raymondcroft,Male,(38-43),99.0,54.8,Success
https://assets.some app.com/raymondbatistaj.jpg,raymondbatistaj,Male,(38-43),99.3,51.5,Success
https://assets.some app.com/raymondmair.photography.jpg,raymondmair.photography,Male,(38-43),95.5,38.7,Success
https://assets.some app.com/raymondofgh.jpg,raymondofgh,Male,(38-43),96.0,39.6,Success
https://assets.some app.com/raynaj1.jpg,raynaj1,Unknown,Unknown,0.0,0.0,No person detected (YOLO conf 0.0%)
https://assets.some app.com/rayniergonz.jpg,rayniergonz,Male,(38-43),93.9,44.4,Success
https://assets.some app.com/raynnymaia.jpg,raynnymaia,Female,(25-32),98.2,72.1,Success
https://assets.some app.com/rayodomjr.jpg,rayodomjr,Male,(38-43),95.4,57.8,Success
https://assets.some app.com/rayoazul__.jpg,rayoazul__,Male,(48-53),97.0,42.3,Success
https://assets.some app.com/raypina_.jpg,raypina_,Male,(38-43),98.9,54.0,Success
https://assets.some app.com/rayoutthere.jpg,rayoutthere,Male,(38-43),99.1,54.2,Success
https://assets.some app.com/raysensation.jpg,raysensation,Male,(38-43),99.1,62.3,Success
https://assets.some app.com/raysfitnessandnutrition.jpg,raysfitnessandnutrition,Female,(25-32),99.2,76.8,Success
https://assets.some app.com/rayskii5k.jpg,rayskii5k,Male,(25-32),73.4,23.4,Success
https://assets.some app.com/rayviewatl.jpg,rayviewatl,Male,(48-53),95.4,28.5,Success
https://assets.some app.com/rayweskercr.jpg,rayweskercr,Male,(38-43),97.5,39.7,Success
https://assets.some app.com/rayxnaxo.jpg,rayxnaxo,Female,(25-32),98.7,66.1,Success
https://assets.some app.com/rayxrayy_.jpg,rayxrayy_,Female,(25-32),87.0,67.1,Success
https://assets.some app.com/rayzorback.jpg,rayzorback,Male,(48-53),99.1,48.1,Success
https://assets.some app.com/rayylewiss.jpg,rayylewiss,Female,(25-32),78.8,46.4,Success
https://assets.some app.com/rayzorcut3.jpg,rayzorcut3,Male,(25-32),85.3,49.2,Success
https://assets.some app.com/razakphotography.jpg,razakphotography,Unknown,Unknown,0.0,0.0,No person detected (YOLO conf 0.0%)
https://assets.some app.com/razi_tv.jpg,razi_tv,Male,(38-43),98.2,51.6,Success
https://assets.some app.com/razin_syed.jpg,razin_syed,Male,(38-43),97.6,43.9,Success
https://assets.some app.com/razorbladeundertongue.jpg,razorbladeundertongue,Unknown,Unknown,0.0,0.0,No person detected (YOLO conf 0.0%)
https://assets.some app.com/razsaintlaurent.jpg,razsaintlaurent,Unknown,Unknown,0.0,0.0,No person detected (YOLO conf 0.0%)
https://assets.some app.com/razorblaydes265.jpg,razorblaydes265,Unknown,Unknown,0.0,0.0,No person detected (YOLO conf 42.7%)
